{"batch_size": 32, "dropout_rate": 0.4, "learning_rate": 0.0004649684099431263, "test_accuracy": 0.8718535469107551}